"Status","Start Time","Stop Time","Duration in ms","Parent Suite","Suite","Sub Suite","Test Class","Test Method","Name","Description"
"broken","Fri Oct 09 08:06:18 UTC 2026","Fri Oct 09 08:06:18 UTC 2026","22","","","","","","Scenarios page is reachable",""
"passed","Fri Oct 09 08:06:06 UTC 2026","Fri Oct 09 08:06:06 UTC 2026","14","","API","","PractiseApiTests","Post_With_Json_Body_Includes_Content_Type","Post_With_Json_Body_Includes_Content_Type",""
"passed","Fri Oct 09 08:05:58 UTC 2026","Fri Oct 09 08:06:00 UTC 2026","1812","","UI","","ScenariosPageTests","Can_Capture_Screenshot_Of_Scenarios_Page","Can_Capture_Screenshot_Of_Scenarios_Page",""
"passed","Fri Oct 09 08:06:06 UTC 2026","Fri Oct 09 08:06:06 UTC 2026","15","","API","","PractiseApiTests","Get_With_Query_Parameters_Builds_Correct_Url","Get_With_Query_Parameters_Builds_Correct_Url",""
"passed","Fri Oct 09 08:06:06 UTC 2026","Fri Oct 09 08:06:06 UTC 2026","14","","API","","PractiseApiTests","Custom_Headers_Are_Sent","Custom_Headers_Are_Sent",""
"passed","Fri Oct 09 08:06:06 UTC 2026","Fri Oct 09 08:06:06 UTC 2026","22","","API","","HealthTests","Root_Endpoint_Returns_Successful_Response","Root_Endpoint_Returns_Successful_Response",""
"passed","Fri Oct 09 08:06:10 UTC 2026","Fri Oct 09 08:06:12 UTC 2026","1833","","E2E","","UiAndApiJourneyTests","Ui_And_Api_Are_Both_Available","Ui_And_Api_Are_Both_Available",""
"passed","Fri Oct 09 08:05:56 UTC 2026","Fri Oct 09 08:05:58 UTC 2026","2412","","UI","","QualityGateTests","Visual_Baseline_For_Scenarios_Page","Visual_Baseline_For_Scenarios_Page",""
"passed","Fri Oct 09 08:06:17 UTC 2026","Fri Oct 09 08:06:18 UTC 2026","935","","","","","","API root responds without server error",""
"passed","Fri Oct 09 08:06:00 UTC 2026","Fri Oct 09 08:06:02 UTC 2026","1680","","UI","","ScenariosPageTests","Scenarios_Page_Loads_Successfully","Scenarios_Page_Loads_Successfully",""
"passed","Fri Oct 09 08:06:05 UTC 2026","Fri Oct 09 08:06:06 UTC 2026","918","","API","","HealthTests","Correlation_Id_Is_Generated_When_Not_Supplied","Correlation_Id_Is_Generated_When_Not_Supplied",""
"passed","Fri Oct 09 08:05:46 UTC 2026","Fri Oct 09 08:05:56 UTC 2026","10313","","UI","","QualityGateTests","Accessibility_Scan_Reports_No_Critical_Violations","Accessibility_Scan_Reports_No_Critical_Violations",""
